pin_i,pin_j,pin_k,ones
0,1,2,2883584
0,1,3,2883584
0,1,4,2883584
0,1,5,2981888
0,1,6,2981888
0,1,7,2981888
0,1,8,2981888
0,1,9,2981888
0,1,10,2981888
0,1,11,2981888
0,1,12,2981888
0,1,13,2981888
0,1,14,2981888
0,1,15,2981888
0,1,16,2981888
0,1,17,2981888
0,1,18,2981888
0,1,19,2981888
0,1,20,2981888
0,1,21,2981888
0,1,22,2981888
0,1,23,2981888
0,1,24,2981888
0,2,3,2883584
0,2,4,2883584
0,2,5,2981888
0,2,6,2981888
0,2,7,2981888
0,2,8,2981888
0,2,9,2981888
0,2,10,2981888
0,2,11,2981888
0,2,12,2981888
0,2,13,2981888
0,2,14,2981888
0,2,15,2981888
0,2,16,2981888
0,2,17,2981888
0,2,18,2981888
0,2,19,2981888
0,2,20,2981888
0,2,21,2981888
0,2,22,2981888
0,2,23,2981888
0,2,24,2981888
0,3,4,2883584
0,3,5,2981888
0,3,6,2981888
0,3,7,2981888
0,3,8,2981888
0,3,9,2981888
0,3,10,2981888
0,3,11,2981888
0,3,12,2981888
0,3,13,2981888
0,3,14,2981888
0,3,15,2981888
0,3,16,2981888
0,3,17,2981888
0,3,18,2981888
0,3,19,2981888
0,3,20,2981888
0,3,21,2981888
0,3,22,2981888
0,3,23,2981888
0,3,24,2981888
0,4,5,2981888
0,4,6,2981888
0,4,7,2981888
0,4,8,2981888
0,4,9,2981888
0,4,10,2981888
0,4,11,2981888
0,4,12,2981888
0,4,13,2981888
0,4,14,2981888
0,4,15,2981888
0,4,16,2981888
0,4,17,2981888
0,4,18,2981888
0,4,19,2981888
0,4,20,2981888
0,4,21,2981888
0,4,22,2981888
0,4,23,2981888
0,4,24,2981888
0,5,6,2981888
0,5,7,2981888
0,5,8,2981888
0,5,9,2981888
0,5,10,2968064
0,5,11,2968064
0,5,12,2968064
0,5,13,2968064
0,5,14,2968064
0,5,15,2968064
0,5,16,2968064
0,5,17,2968064
0,5,18,2968064
0,5,19,2968064
0,5,20,2968064
0,5,21,2968064
0,5,22,2968064
0,5,23,2968064
0,5,24,2968064
0,6,7,2981888
0,6,8,2981888
0,6,9,2981888
0,6,10,2968064
0,6,11,2968064
0,6,12,2968064
0,6,13,2968064
0,6,14,2968064
0,6,15,2968064
0,6,16,2968064
0,6,17,2968064
0,6,18,2968064
0,6,19,2968064
0,6,20,2968064
0,6,21,2968064
0,6,22,2968064
0,6,23,2968064
0,6,24,2968064
0,7,8,2981888
0,7,9,2981888
0,7,10,2968064
0,7,11,2968064
0,7,12,2968064
0,7,13,2968064
0,7,14,2968064
0,7,15,2968064
0,7,16,2968064
0,7,17,2968064
0,7,18,2968064
0,7,19,2968064
0,7,20,2968064
0,7,21,2968064
0,7,22,2968064
0,7,23,2968064
0,7,24,2968064
0,8,9,2981888
0,8,10,2968064
0,8,11,2968064
0,8,12,2968064
0,8,13,2968064
0,8,14,2968064
0,8,15,2968064
0,8,16,2968064
0,8,17,2968064
0,8,18,2968064
0,8,19,2968064
0,8,20,2968064
0,8,21,2968064
0,8,22,2968064
0,8,23,2968064
0,8,24,2968064
0,9,10,2968064
0,9,11,2968064
0,9,12,2968064
0,9,13,2968064
0,9,14,2968064
0,9,15,2968064
0,9,16,2968064
0,9,17,2968064
0,9,18,2968064
0,9,19,2968064
0,9,20,2968064
0,9,21,2968064
0,9,22,2968064
0,9,23,2968064
0,9,24,2968064
0,10,11,2981888
0,10,12,2981888
0,10,13,2981888
0,10,14,2981888
0,10,15,2968064
0,10,16,2968064
0,10,17,2968064
0,10,18,2968064
0,10,19,2968064
0,10,20,2968064
0,10,21,2968064
0,10,22,2968064
0,10,23,2968064
0,10,24,2968064
0,11,12,2981888
0,11,13,2981888
0,11,14,2981888
0,11,15,2968064
0,11,16,2968064
0,11,17,2968064
0,11,18,2968064
0,11,19,2968064
0,11,20,2968064
0,11,21,2968064
0,11,22,2968064
0,11,23,2968064
0,11,24,2968064
0,12,13,2981888
0,12,14,2981888
0,12,15,2968064
0,12,16,2968064
0,12,17,2968064
0,12,18,2968064
0,12,19,2968064
0,12,20,2968064
0,12,21,2968064
0,12,22,2968064
0,12,23,2968064
0,12,24,2968064
0,13,14,2981888
0,13,15,2968064
0,13,16,2968064
0,13,17,2968064
0,13,18,2968064
0,13,19,2968064
0,13,20,2968064
0,13,21,2968064
0,13,22,2968064
0,13,23,2968064
0,13,24,2968064
0,14,15,2968064
0,14,16,2968064
0,14,17,2968064
0,14,18,2968064
0,14,19,2968064
0,14,20,2968064
0,14,21,2968064
0,14,22,2968064
0,14,23,2968064
0,14,24,2968064
0,15,16,2981888
0,15,17,2981888
0,15,18,2981888
0,15,19,2981888
0,15,20,2968064
0,15,21,2968064
0,15,22,2968064
0,15,23,2968064
0,15,24,2968064
0,16,17,2981888
0,16,18,2981888
0,16,19,2981888
0,16,20,2968064
0,16,21,2968064
0,16,22,2968064
0,16,23,2968064
0,16,24,2968064
0,17,18,2981888
0,17,19,2981888
0,17,20,2968064
0,17,21,2968064
0,17,22,2968064
0,17,23,2968064
0,17,24,2968064
0,18,19,2981888
0,18,20,2968064
0,18,21,2968064
0,18,22,2968064
0,18,23,2968064
0,18,24,2968064
0,19,20,2968064
0,19,21,2968064
0,19,22,2968064
0,19,23,2968064
0,19,24,2968064
0,20,21,2981888
0,20,22,2981888
0,20,23,2981888
0,20,24,2981888
0,21,22,2981888
0,21,23,2981888
0,21,24,2981888
0,22,23,2981888
0,22,24,2981888
0,23,24,2981888
1,2,3,2883584
1,2,4,2883584
1,2,5,2981888
1,2,6,2981888
1,2,7,2981888
1,2,8,2981888
1,2,9,2981888
1,2,10,2981888
1,2,11,2981888
1,2,12,2981888
1,2,13,2981888
1,2,14,2981888
1,2,15,2981888
1,2,16,2981888
1,2,17,2981888
1,2,18,2981888
1,2,19,2981888
1,2,20,2981888
1,2,21,2981888
1,2,22,2981888
1,2,23,2981888
1,2,24,2981888
1,3,4,2883584
1,3,5,2981888
1,3,6,2981888
1,3,7,2981888
1,3,8,2981888
1,3,9,2981888
1,3,10,2981888
1,3,11,2981888
1,3,12,2981888
1,3,13,2981888
1,3,14,2981888
1,3,15,2981888
1,3,16,2981888
1,3,17,2981888
1,3,18,2981888
1,3,19,2981888
1,3,20,2981888
1,3,21,2981888
1,3,22,2981888
1,3,23,2981888
1,3,24,2981888
1,4,5,2981888
1,4,6,2981888
1,4,7,2981888
1,4,8,2981888
1,4,9,2981888
1,4,10,2981888
1,4,11,2981888
1,4,12,2981888
1,4,13,2981888
1,4,14,2981888
1,4,15,2981888
1,4,16,2981888
1,4,17,2981888
1,4,18,2981888
1,4,19,2981888
1,4,20,2981888
1,4,21,2981888
1,4,22,2981888
1,4,23,2981888
1,4,24,2981888
1,5,6,2981888
1,5,7,2981888
1,5,8,2981888
1,5,9,2981888
1,5,10,2968064
1,5,11,2968064
1,5,12,2968064
1,5,13,2968064
1,5,14,2968064
1,5,15,2968064
1,5,16,2968064
1,5,17,2968064
1,5,18,2968064
1,5,19,2968064
1,5,20,2968064
1,5,21,2968064
1,5,22,2968064
1,5,23,2968064
1,5,24,2968064
1,6,7,2981888
1,6,8,2981888
1,6,9,2981888
1,6,10,2968064
1,6,11,2968064
1,6,12,2968064
1,6,13,2968064
1,6,14,2968064
1,6,15,2968064
1,6,16,2968064
1,6,17,2968064
1,6,18,2968064
1,6,19,2968064
1,6,20,2968064
1,6,21,2968064
1,6,22,2968064
1,6,23,2968064
1,6,24,2968064
1,7,8,2981888
1,7,9,2981888
1,7,10,2968064
1,7,11,2968064
1,7,12,2968064
1,7,13,2968064
1,7,14,2968064
1,7,15,2968064
1,7,16,2968064
1,7,17,2968064
1,7,18,2968064
1,7,19,2968064
1,7,20,2968064
1,7,21,2968064
1,7,22,2968064
1,7,23,2968064
1,7,24,2968064
1,8,9,2981888
1,8,10,2968064
1,8,11,2968064
1,8,12,2968064
1,8,13,2968064
1,8,14,2968064
1,8,15,2968064
1,8,16,2968064
1,8,17,2968064
1,8,18,2968064
1,8,19,2968064
1,8,20,2968064
1,8,21,2968064
1,8,22,2968064
1,8,23,2968064
1,8,24,2968064
1,9,10,2968064
1,9,11,2968064
1,9,12,2968064
1,9,13,2968064
1,9,14,2968064
1,9,15,2968064
1,9,16,2968064
1,9,17,2968064
1,9,18,2968064
1,9,19,2968064
1,9,20,2968064
1,9,21,2968064
1,9,22,2968064
1,9,23,2968064
1,9,24,2968064
1,10,11,2981888
1,10,12,2981888
1,10,13,2981888
1,10,14,2981888
1,10,15,2968064
1,10,16,2968064
1,10,17,2968064
1,10,18,2968064
1,10,19,2968064
1,10,20,2968064
1,10,21,2968064
1,10,22,2968064
1,10,23,2968064
1,10,24,2968064
1,11,12,2981888
1,11,13,2981888
1,11,14,2981888
1,11,15,2968064
1,11,16,2968064
1,11,17,2968064
1,11,18,2968064
1,11,19,2968064
1,11,20,2968064
1,11,21,2968064
1,11,22,2968064
1,11,23,2968064
1,11,24,2968064
1,12,13,2981888
1,12,14,2981888
1,12,15,2968064
1,12,16,2968064
1,12,17,2968064
1,12,18,2968064
1,12,19,2968064
1,12,20,2968064
1,12,21,2968064
1,12,22,2968064
1,12,23,2968064
1,12,24,2968064
1,13,14,2981888
1,13,15,2968064
1,13,16,2968064
1,13,17,2968064
1,13,18,2968064
1,13,19,2968064
1,13,20,2968064
1,13,21,2968064
1,13,22,2968064
1,13,23,2968064
1,13,24,2968064
1,14,15,2968064
1,14,16,2968064
1,14,17,2968064
1,14,18,2968064
1,14,19,2968064
1,14,20,2968064
1,14,21,2968064
1,14,22,2968064
1,14,23,2968064
1,14,24,2968064
1,15,16,2981888
1,15,17,2981888
1,15,18,2981888
1,15,19,2981888
1,15,20,2968064
1,15,21,2968064
1,15,22,2968064
1,15,23,2968064
1,15,24,2968064
1,16,17,2981888
1,16,18,2981888
1,16,19,2981888
1,16,20,2968064
1,16,21,2968064
1,16,22,2968064
1,16,23,2968064
1,16,24,2968064
1,17,18,2981888
1,17,19,2981888
1,17,20,2968064
1,17,21,2968064
1,17,22,2968064
1,17,23,2968064
1,17,24,2968064
1,18,19,2981888
1,18,20,2968064
1,18,21,2968064
1,18,22,2968064
1,18,23,2968064
1,18,24,2968064
1,19,20,2968064
1,19,21,2968064
1,19,22,2968064
1,19,23,2968064
1,19,24,2968064
1,20,21,2981888
1,20,22,2981888
1,20,23,2981888
1,20,24,2981888
1,21,22,2981888
1,21,23,2981888
1,21,24,2981888
1,22,23,2981888
1,22,24,2981888
1,23,24,2981888
2,3,4,2883584
2,3,5,2981888
2,3,6,2981888
2,3,7,2981888
2,3,8,2981888
2,3,9,2981888
2,3,10,2981888
2,3,11,2981888
2,3,12,2981888
2,3,13,2981888
2,3,14,2981888
2,3,15,2981888
2,3,16,2981888
2,3,17,2981888
2,3,18,2981888
2,3,19,2981888
2,3,20,2981888
2,3,21,2981888
2,3,22,2981888
2,3,23,2981888
2,3,24,2981888
2,4,5,2981888
2,4,6,2981888
2,4,7,2981888
2,4,8,2981888
2,4,9,2981888
2,4,10,2981888
2,4,11,2981888
2,4,12,2981888
2,4,13,2981888
2,4,14,2981888
2,4,15,2981888
2,4,16,2981888
2,4,17,2981888
2,4,18,2981888
2,4,19,2981888
2,4,20,2981888
2,4,21,2981888
2,4,22,2981888
2,4,23,2981888
2,4,24,2981888
2,5,6,2981888
2,5,7,2981888
2,5,8,2981888
2,5,9,2981888
2,5,10,2968064
2,5,11,2968064
2,5,12,2968064
2,5,13,2968064
2,5,14,2968064
2,5,15,2968064
2,5,16,2968064
2,5,17,2968064
2,5,18,2968064
2,5,19,2968064
2,5,20,2968064
2,5,21,2968064
2,5,22,2968064
2,5,23,2968064
2,5,24,2968064
2,6,7,2981888
2,6,8,2981888
2,6,9,2981888
2,6,10,2968064
2,6,11,2968064
2,6,12,2968064
2,6,13,2968064
2,6,14,2968064
2,6,15,2968064
2,6,16,2968064
2,6,17,2968064
2,6,18,2968064
2,6,19,2968064
2,6,20,2968064
2,6,21,2968064
2,6,22,2968064
2,6,23,2968064
2,6,24,2968064
2,7,8,2981888
2,7,9,2981888
2,7,10,2968064
2,7,11,2968064
2,7,12,2968064
2,7,13,2968064
2,7,14,2968064
2,7,15,2968064
2,7,16,2968064
2,7,17,2968064
2,7,18,2968064
2,7,19,2968064
2,7,20,2968064
2,7,21,2968064
2,7,22,2968064
2,7,23,2968064
2,7,24,2968064
2,8,9,2981888
2,8,10,2968064
2,8,11,2968064
2,8,12,2968064
2,8,13,2968064
2,8,14,2968064
2,8,15,2968064
2,8,16,2968064
2,8,17,2968064
2,8,18,2968064
2,8,19,2968064
2,8,20,2968064
2,8,21,2968064
2,8,22,2968064
2,8,23,2968064
2,8,24,2968064
2,9,10,2968064
2,9,11,2968064
2,9,12,2968064
2,9,13,2968064
2,9,14,2968064
2,9,15,2968064
2,9,16,2968064
2,9,17,2968064
2,9,18,2968064
2,9,19,2968064
2,9,20,2968064
2,9,21,2968064
2,9,22,2968064
2,9,23,2968064
2,9,24,2968064
2,10,11,2981888
2,10,12,2981888
2,10,13,2981888
2,10,14,2981888
2,10,15,2968064
2,10,16,2968064
2,10,17,2968064
2,10,18,2968064
2,10,19,2968064
2,10,20,2968064
2,10,21,2968064
2,10,22,2968064
2,10,23,2968064
2,10,24,2968064
2,11,12,2981888
2,11,13,2981888
2,11,14,2981888
2,11,15,2968064
2,11,16,2968064
2,11,17,2968064
2,11,18,2968064
2,11,19,2968064
2,11,20,2968064
2,11,21,2968064
2,11,22,2968064
2,11,23,2968064
2,11,24,2968064
2,12,13,2981888
2,12,14,2981888
2,12,15,2968064
2,12,16,2968064
2,12,17,2968064
2,12,18,2968064
2,12,19,2968064
2,12,20,2968064
2,12,21,2968064
2,12,22,2968064
2,12,23,2968064
2,12,24,2968064
2,13,14,2981888
2,13,15,2968064
2,13,16,2968064
2,13,17,2968064
2,13,18,2968064
2,13,19,2968064
2,13,20,2968064
2,13,21,2968064
2,13,22,2968064
2,13,23,2968064
2,13,24,2968064
2,14,15,2968064
2,14,16,2968064
2,14,17,2968064
2,14,18,2968064
2,14,19,2968064
2,14,20,2968064
2,14,21,2968064
2,14,22,2968064
2,14,23,2968064
2,14,24,2968064
2,15,16,2981888
2,15,17,2981888
2,15,18,2981888
2,15,19,2981888
2,15,20,2968064
2,15,21,2968064
2,15,22,2968064
2,15,23,2968064
2,15,24,2968064
2,16,17,2981888
2,16,18,2981888
2,16,19,2981888
2,16,20,2968064
2,16,21,2968064
2,16,22,2968064
2,16,23,2968064
2,16,24,2968064
2,17,18,2981888
2,17,19,2981888
2,17,20,2968064
2,17,21,2968064
2,17,22,2968064
2,17,23,2968064
2,17,24,2968064
2,18,19,2981888
2,18,20,2968064
2,18,21,2968064
2,18,22,2968064
2,18,23,2968064
2,18,24,2968064
2,19,20,2968064
2,19,21,2968064
2,19,22,2968064
2,19,23,2968064
2,19,24,2968064
2,20,21,2981888
2,20,22,2981888
2,20,23,2981888
2,20,24,2981888
2,21,22,2981888
2,21,23,2981888
2,21,24,2981888
2,22,23,2981888
2,22,24,2981888
2,23,24,2981888
3,4,5,2981888
3,4,6,2981888
3,4,7,2981888
3,4,8,2981888
3,4,9,2981888
3,4,10,2981888
3,4,11,2981888
3,4,12,2981888
3,4,13,2981888
3,4,14,2981888
3,4,15,2981888
3,4,16,2981888
3,4,17,2981888
3,4,18,2981888
3,4,19,2981888
3,4,20,2981888
3,4,21,2981888
3,4,22,2981888
3,4,23,2981888
3,4,24,2981888
3,5,6,2981888
3,5,7,2981888
3,5,8,2981888
3,5,9,2981888
3,5,10,2968064
3,5,11,2968064
3,5,12,2968064
3,5,13,2968064
3,5,14,2968064
3,5,15,2968064
3,5,16,2968064
3,5,17,2968064
3,5,18,2968064
3,5,19,2968064
3,5,20,2968064
3,5,21,2968064
3,5,22,2968064
3,5,23,2968064
3,5,24,2968064
3,6,7,2981888
3,6,8,2981888
3,6,9,2981888
3,6,10,2968064
3,6,11,2968064
3,6,12,2968064
3,6,13,2968064
3,6,14,2968064
3,6,15,2968064
3,6,16,2968064
3,6,17,2968064
3,6,18,2968064
3,6,19,2968064
3,6,20,2968064
3,6,21,2968064
3,6,22,2968064
3,6,23,2968064
3,6,24,2968064
3,7,8,2981888
3,7,9,2981888
3,7,10,2968064
3,7,11,2968064
3,7,12,2968064
3,7,13,2968064
3,7,14,2968064
3,7,15,2968064
3,7,16,2968064
3,7,17,2968064
3,7,18,2968064
3,7,19,2968064
3,7,20,2968064
3,7,21,2968064
3,7,22,2968064
3,7,23,2968064
3,7,24,2968064
3,8,9,2981888
3,8,10,2968064
3,8,11,2968064
3,8,12,2968064
3,8,13,2968064
3,8,14,2968064
3,8,15,2968064
3,8,16,2968064
3,8,17,2968064
3,8,18,2968064
3,8,19,2968064
3,8,20,2968064
3,8,21,2968064
3,8,22,2968064
3,8,23,2968064
3,8,24,2968064
3,9,10,2968064
3,9,11,2968064
3,9,12,2968064
3,9,13,2968064
3,9,14,2968064
3,9,15,2968064
3,9,16,2968064
3,9,17,2968064
3,9,18,2968064
3,9,19,2968064
3,9,20,2968064
3,9,21,2968064
3,9,22,2968064
3,9,23,2968064
3,9,24,2968064
3,10,11,2981888
3,10,12,2981888
3,10,13,2981888
3,10,14,2981888
3,10,15,2968064
3,10,16,2968064
3,10,17,2968064
3,10,18,2968064
3,10,19,2968064
3,10,20,2968064
3,10,21,2968064
3,10,22,2968064
3,10,23,2968064
3,10,24,2968064
3,11,12,2981888
3,11,13,2981888
3,11,14,2981888
3,11,15,2968064
3,11,16,2968064
3,11,17,2968064
3,11,18,2968064
3,11,19,2968064
3,11,20,2968064
3,11,21,2968064
3,11,22,2968064
3,11,23,2968064
3,11,24,2968064
3,12,13,2981888
3,12,14,2981888
3,12,15,2968064
3,12,16,2968064
3,12,17,2968064
3,12,18,2968064
3,12,19,2968064
3,12,20,2968064
3,12,21,2968064
3,12,22,2968064
3,12,23,2968064
3,12,24,2968064
3,13,14,2981888
3,13,15,2968064
3,13,16,2968064
3,13,17,2968064
3,13,18,2968064
3,13,19,2968064
3,13,20,2968064
3,13,21,2968064
3,13,22,2968064
3,13,23,2968064
3,13,24,2968064
3,14,15,2968064
3,14,16,2968064
3,14,17,2968064
3,14,18,2968064
3,14,19,2968064
3,14,20,2968064
3,14,21,2968064
3,14,22,2968064
3,14,23,2968064
3,14,24,2968064
3,15,16,2981888
3,15,17,2981888
3,15,18,2981888
3,15,19,2981888
3,15,20,2968064
3,15,21,2968064
3,15,22,2968064
3,15,23,2968064
3,15,24,2968064
3,16,17,2981888
3,16,18,2981888
3,16,19,2981888
3,16,20,2968064
3,16,21,2968064
3,16,22,2968064
3,16,23,2968064
3,16,24,2968064
3,17,18,2981888
3,17,19,2981888
3,17,20,2968064
3,17,21,2968064
3,17,22,2968064
3,17,23,2968064
3,17,24,2968064
3,18,19,2981888
3,18,20,2968064
3,18,21,2968064
3,18,22,2968064
3,18,23,2968064
3,18,24,2968064
3,19,20,2968064
3,19,21,2968064
3,19,22,2968064
3,19,23,2968064
3,19,24,2968064
3,20,21,2981888
3,20,22,2981888
3,20,23,2981888
3,20,24,2981888
3,21,22,2981888
3,21,23,2981888
3,21,24,2981888
3,22,23,2981888
3,22,24,2981888
3,23,24,2981888
4,5,6,2981888
4,5,7,2981888
4,5,8,2981888
4,5,9,2981888
4,5,10,2968064
4,5,11,2968064
4,5,12,2968064
4,5,13,2968064
4,5,14,2968064
4,5,15,2968064
4,5,16,2968064
4,5,17,2968064
4,5,18,2968064
4,5,19,2968064
4,5,20,2968064
4,5,21,2968064
4,5,22,2968064
4,5,23,2968064
4,5,24,2968064
4,6,7,2981888
4,6,8,2981888
4,6,9,2981888
4,6,10,2968064
4,6,11,2968064
4,6,12,2968064
4,6,13,2968064
4,6,14,2968064
4,6,15,2968064
4,6,16,2968064
4,6,17,2968064
4,6,18,2968064
4,6,19,2968064
4,6,20,2968064
4,6,21,2968064
4,6,22,2968064
4,6,23,2968064
4,6,24,2968064
4,7,8,2981888
4,7,9,2981888
4,7,10,2968064
4,7,11,2968064
4,7,12,2968064
4,7,13,2968064
4,7,14,2968064
4,7,15,2968064
4,7,16,2968064
4,7,17,2968064
4,7,18,2968064
4,7,19,2968064
4,7,20,2968064
4,7,21,2968064
4,7,22,2968064
4,7,23,2968064
4,7,24,2968064
4,8,9,2981888
4,8,10,2968064
4,8,11,2968064
4,8,12,2968064
4,8,13,2968064
4,8,14,2968064
4,8,15,2968064
4,8,16,2968064
4,8,17,2968064
4,8,18,2968064
4,8,19,2968064
4,8,20,2968064
4,8,21,2968064
4,8,22,2968064
4,8,23,2968064
4,8,24,2968064
4,9,10,2968064
4,9,11,2968064
4,9,12,2968064
4,9,13,2968064
4,9,14,2968064
4,9,15,2968064
4,9,16,2968064
4,9,17,2968064
4,9,18,2968064
4,9,19,2968064
4,9,20,2968064
4,9,21,2968064
4,9,22,2968064
4,9,23,2968064
4,9,24,2968064
4,10,11,2981888
4,10,12,2981888
4,10,13,2981888
4,10,14,2981888
4,10,15,2968064
4,10,16,2968064
4,10,17,2968064
4,10,18,2968064
4,10,19,2968064
4,10,20,2968064
4,10,21,2968064
4,10,22,2968064
4,10,23,2968064
4,10,24,2968064
4,11,12,2981888
4,11,13,2981888
4,11,14,2981888
4,11,15,2968064
4,11,16,2968064
4,11,17,2968064
4,11,18,2968064
4,11,19,2968064
4,11,20,2968064
4,11,21,2968064
4,11,22,2968064
4,11,23,2968064
4,11,24,2968064
4,12,13,2981888
4,12,14,2981888
4,12,15,2968064
4,12,16,2968064
4,12,17,2968064
4,12,18,2968064
4,12,19,2968064
4,12,20,2968064
4,12,21,2968064
4,12,22,2968064
4,12,23,2968064
4,12,24,2968064
4,13,14,2981888
4,13,15,2968064
4,13,16,2968064
4,13,17,2968064
4,13,18,2968064
4,13,19,2968064
4,13,20,2968064
4,13,21,2968064
4,13,22,2968064
4,13,23,2968064
4,13,24,2968064
4,14,15,2968064
4,14,16,2968064
4,14,17,2968064
4,14,18,2968064
4,14,19,2968064
4,14,20,2968064
4,14,21,2968064
4,14,22,2968064
4,14,23,2968064
4,14,24,2968064
4,15,16,2981888
4,15,17,2981888
4,15,18,2981888
4,15,19,2981888
4,15,20,2968064
4,15,21,2968064
4,15,22,2968064
4,15,23,2968064
4,15,24,2968064
4,16,17,2981888
4,16,18,2981888
4,16,19,2981888
4,16,20,2968064
4,16,21,2968064
4,16,22,2968064
4,16,23,2968064
4,16,24,2968064
4,17,18,2981888
4,17,19,2981888
4,17,20,2968064
4,17,21,2968064
4,17,22,2968064
4,17,23,2968064
4,17,24,2968064
4,18,19,2981888
4,18,20,2968064
4,18,21,2968064
4,18,22,2968064
4,18,23,2968064
4,18,24,2968064
4,19,20,2968064
4,19,21,2968064
4,19,22,2968064
4,19,23,2968064
4,19,24,2968064
4,20,21,2981888
4,20,22,2981888
4,20,23,2981888
4,20,24,2981888
4,21,22,2981888
4,21,23,2981888
4,21,24,2981888
4,22,23,2981888
4,22,24,2981888
4,23,24,2981888
5,6,7,2883584
5,6,8,2883584
5,6,9,2883584
5,6,10,2981888
5,6,11,2981888
5,6,12,2981888
5,6,13,2981888
5,6,14,2981888
5,6,15,2981888
5,6,16,2981888
5,6,17,2981888
5,6,18,2981888
5,6,19,2981888
5,6,20,2981888
5,6,21,2981888
5,6,22,2981888
5,6,23,2981888
5,6,24,2981888
5,7,8,2883584
5,7,9,2883584
5,7,10,2981888
5,7,11,2981888
5,7,12,2981888
5,7,13,2981888
5,7,14,2981888
5,7,15,2981888
5,7,16,2981888
5,7,17,2981888
5,7,18,2981888
5,7,19,2981888
5,7,20,2981888
5,7,21,2981888
5,7,22,2981888
5,7,23,2981888
5,7,24,2981888
5,8,9,2883584
5,8,10,2981888
5,8,11,2981888
5,8,12,2981888
5,8,13,2981888
5,8,14,2981888
5,8,15,2981888
5,8,16,2981888
5,8,17,2981888
5,8,18,2981888
5,8,19,2981888
5,8,20,2981888
5,8,21,2981888
5,8,22,2981888
5,8,23,2981888
5,8,24,2981888
5,9,10,2981888
5,9,11,2981888
5,9,12,2981888
5,9,13,2981888
5,9,14,2981888
5,9,15,2981888
5,9,16,2981888
5,9,17,2981888
5,9,18,2981888
5,9,19,2981888
5,9,20,2981888
5,9,21,2981888
5,9,22,2981888
5,9,23,2981888
5,9,24,2981888
5,10,11,2981888
5,10,12,2981888
5,10,13,2981888
5,10,14,2981888
5,10,15,2968064
5,10,16,2968064
5,10,17,2968064
5,10,18,2968064
5,10,19,2968064
5,10,20,2968064
5,10,21,2968064
5,10,22,2968064
5,10,23,2968064
5,10,24,2968064
5,11,12,2981888
5,11,13,2981888
5,11,14,2981888
5,11,15,2968064
5,11,16,2968064
5,11,17,2968064
5,11,18,2968064
5,11,19,2968064
5,11,20,2968064
5,11,21,2968064
5,11,22,2968064
5,11,23,2968064
5,11,24,2968064
5,12,13,2981888
5,12,14,2981888
5,12,15,2968064
5,12,16,2968064
5,12,17,2968064
5,12,18,2968064
5,12,19,2968064
5,12,20,2968064
5,12,21,2968064
5,12,22,2968064
5,12,23,2968064
5,12,24,2968064
5,13,14,2981888
5,13,15,2968064
5,13,16,2968064
5,13,17,2968064
5,13,18,2968064
5,13,19,2968064
5,13,20,2968064
5,13,21,2968064
5,13,22,2968064
5,13,23,2968064
5,13,24,2968064
5,14,15,2968064
5,14,16,2968064
5,14,17,2968064
5,14,18,2968064
5,14,19,2968064
5,14,20,2968064
5,14,21,2968064
5,14,22,2968064
5,14,23,2968064
5,14,24,2968064
5,15,16,2981888
5,15,17,2981888
5,15,18,2981888
5,15,19,2981888
5,15,20,2968064
5,15,21,2968064
5,15,22,2968064
5,15,23,2968064
5,15,24,2968064
5,16,17,2981888
5,16,18,2981888
5,16,19,2981888
5,16,20,2968064
5,16,21,2968064
5,16,22,2968064
5,16,23,2968064
5,16,24,2968064
5,17,18,2981888
5,17,19,2981888
5,17,20,2968064
5,17,21,2968064
5,17,22,2968064
5,17,23,2968064
5,17,24,2968064
5,18,19,2981888
5,18,20,2968064
5,18,21,2968064
5,18,22,2968064
5,18,23,2968064
5,18,24,2968064
5,19,20,2968064
5,19,21,2968064
5,19,22,2968064
5,19,23,2968064
5,19,24,2968064
5,20,21,2981888
5,20,22,2981888
5,20,23,2981888
5,20,24,2981888
5,21,22,2981888
5,21,23,2981888
5,21,24,2981888
5,22,23,2981888
5,22,24,2981888
5,23,24,2981888
6,7,8,2883584
6,7,9,2883584
6,7,10,2981888
6,7,11,2981888
6,7,12,2981888
6,7,13,2981888
6,7,14,2981888
6,7,15,2981888
6,7,16,2981888
6,7,17,2981888
6,7,18,2981888
6,7,19,2981888
6,7,20,2981888
6,7,21,2981888
6,7,22,2981888
6,7,23,2981888
6,7,24,2981888
6,8,9,2883584
6,8,10,2981888
6,8,11,2981888
6,8,12,2981888
6,8,13,2981888
6,8,14,2981888
6,8,15,2981888
6,8,16,2981888
6,8,17,2981888
6,8,18,2981888
6,8,19,2981888
6,8,20,2981888
6,8,21,2981888
6,8,22,2981888
6,8,23,2981888
6,8,24,2981888
6,9,10,2981888
6,9,11,2981888
6,9,12,2981888
6,9,13,2981888
6,9,14,2981888
6,9,15,2981888
6,9,16,2981888
6,9,17,2981888
6,9,18,2981888
6,9,19,2981888
6,9,20,2981888
6,9,21,2981888
6,9,22,2981888
6,9,23,2981888
6,9,24,2981888
6,10,11,2981888
6,10,12,2981888
6,10,13,2981888
6,10,14,2981888
6,10,15,2968064
6,10,16,2968064
6,10,17,2968064
6,10,18,2968064
6,10,19,2968064
6,10,20,2968064
6,10,21,2968064
6,10,22,2968064
6,10,23,2968064
6,10,24,2968064
6,11,12,2981888
6,11,13,2981888
6,11,14,2981888
6,11,15,2968064
6,11,16,2968064
6,11,17,2968064
6,11,18,2968064
6,11,19,2968064
6,11,20,2968064
6,11,21,2968064
6,11,22,2968064
6,11,23,2968064
6,11,24,2968064
6,12,13,2981888
6,12,14,2981888
6,12,15,2968064
6,12,16,2968064
6,12,17,2968064
6,12,18,2968064
6,12,19,2968064
6,12,20,2968064
6,12,21,2968064
6,12,22,2968064
6,12,23,2968064
6,12,24,2968064
6,13,14,2981888
6,13,15,2968064
6,13,16,2968064
6,13,17,2968064
6,13,18,2968064
6,13,19,2968064
6,13,20,2968064
6,13,21,2968064
6,13,22,2968064
6,13,23,2968064
6,13,24,2968064
6,14,15,2968064
6,14,16,2968064
6,14,17,2968064
6,14,18,2968064
6,14,19,2968064
6,14,20,2968064
6,14,21,2968064
6,14,22,2968064
6,14,23,2968064
6,14,24,2968064
6,15,16,2981888
6,15,17,2981888
6,15,18,2981888
6,15,19,2981888
6,15,20,2968064
6,15,21,2968064
6,15,22,2968064
6,15,23,2968064
6,15,24,2968064
6,16,17,2981888
6,16,18,2981888
6,16,19,2981888
6,16,20,2968064
6,16,21,2968064
6,16,22,2968064
6,16,23,2968064
6,16,24,2968064
6,17,18,2981888
6,17,19,2981888
6,17,20,2968064
6,17,21,2968064
6,17,22,2968064
6,17,23,2968064
6,17,24,2968064
6,18,19,2981888
6,18,20,2968064
6,18,21,2968064
6,18,22,2968064
6,18,23,2968064
6,18,24,2968064
6,19,20,2968064
6,19,21,2968064
6,19,22,2968064
6,19,23,2968064
6,19,24,2968064
6,20,21,2981888
6,20,22,2981888
6,20,23,2981888
6,20,24,2981888
6,21,22,2981888
6,21,23,2981888
6,21,24,2981888
6,22,23,2981888
6,22,24,2981888
6,23,24,2981888
7,8,9,2883584
7,8,10,2981888
7,8,11,2981888
7,8,12,2981888
7,8,13,2981888
7,8,14,2981888
7,8,15,2981888
7,8,16,2981888
7,8,17,2981888
7,8,18,2981888
7,8,19,2981888
7,8,20,2981888
7,8,21,2981888
7,8,22,2981888
7,8,23,2981888
7,8,24,2981888
7,9,10,2981888
7,9,11,2981888
7,9,12,2981888
7,9,13,2981888
7,9,14,2981888
7,9,15,2981888
7,9,16,2981888
7,9,17,2981888
7,9,18,2981888
7,9,19,2981888
7,9,20,2981888
7,9,21,2981888
7,9,22,2981888
7,9,23,2981888
7,9,24,2981888
7,10,11,2981888
7,10,12,2981888
7,10,13,2981888
7,10,14,2981888
7,10,15,2968064
7,10,16,2968064
7,10,17,2968064
7,10,18,2968064
7,10,19,2968064
7,10,20,2968064
7,10,21,2968064
7,10,22,2968064
7,10,23,2968064
7,10,24,2968064
7,11,12,2981888
7,11,13,2981888
7,11,14,2981888
7,11,15,2968064
7,11,16,2968064
7,11,17,2968064
7,11,18,2968064
7,11,19,2968064
7,11,20,2968064
7,11,21,2968064
7,11,22,2968064
7,11,23,2968064
7,11,24,2968064
7,12,13,2981888
7,12,14,2981888
7,12,15,2968064
7,12,16,2968064
7,12,17,2968064
7,12,18,2968064
7,12,19,2968064
7,12,20,2968064
7,12,21,2968064
7,12,22,2968064
7,12,23,2968064
7,12,24,2968064
7,13,14,2981888
7,13,15,2968064
7,13,16,2968064
7,13,17,2968064
7,13,18,2968064
7,13,19,2968064
7,13,20,2968064
7,13,21,2968064
7,13,22,2968064
7,13,23,2968064
7,13,24,2968064
7,14,15,2968064
7,14,16,2968064
7,14,17,2968064
7,14,18,2968064
7,14,19,2968064
7,14,20,2968064
7,14,21,2968064
7,14,22,2968064
7,14,23,2968064
7,14,24,2968064
7,15,16,2981888
7,15,17,2981888
7,15,18,2981888
7,15,19,2981888
7,15,20,2968064
7,15,21,2968064
7,15,22,2968064
7,15,23,2968064
7,15,24,2968064
7,16,17,2981888
7,16,18,2981888
7,16,19,2981888
7,16,20,2968064
7,16,21,2968064
7,16,22,2968064
7,16,23,2968064
7,16,24,2968064
7,17,18,2981888
7,17,19,2981888
7,17,20,2968064
7,17,21,2968064
7,17,22,2968064
7,17,23,2968064
7,17,24,2968064
7,18,19,2981888
7,18,20,2968064
7,18,21,2968064
7,18,22,2968064
7,18,23,2968064
7,18,24,2968064
7,19,20,2968064
7,19,21,2968064
7,19,22,2968064
7,19,23,2968064
7,19,24,2968064
7,20,21,2981888
7,20,22,2981888
7,20,23,2981888
7,20,24,2981888
7,21,22,2981888
7,21,23,2981888
7,21,24,2981888
7,22,23,2981888
7,22,24,2981888
7,23,24,2981888
8,9,10,2981888
8,9,11,2981888
8,9,12,2981888
8,9,13,2981888
8,9,14,2981888
8,9,15,2981888
8,9,16,2981888
8,9,17,2981888
8,9,18,2981888
8,9,19,2981888
8,9,20,2981888
8,9,21,2981888
8,9,22,2981888
8,9,23,2981888
8,9,24,2981888
8,10,11,2981888
8,10,12,2981888
8,10,13,2981888
8,10,14,2981888
8,10,15,2968064
8,10,16,2968064
8,10,17,2968064
8,10,18,2968064
8,10,19,2968064
8,10,20,2968064
8,10,21,2968064
8,10,22,2968064
8,10,23,2968064
8,10,24,2968064
8,11,12,2981888
8,11,13,2981888
8,11,14,2981888
8,11,15,2968064
8,11,16,2968064
8,11,17,2968064
8,11,18,2968064
8,11,19,2968064
8,11,20,2968064
8,11,21,2968064
8,11,22,2968064
8,11,23,2968064
8,11,24,2968064
8,12,13,2981888
8,12,14,2981888
8,12,15,2968064
8,12,16,2968064
8,12,17,2968064
8,12,18,2968064
8,12,19,2968064
8,12,20,2968064
8,12,21,2968064
8,12,22,2968064
8,12,23,2968064
8,12,24,2968064
8,13,14,2981888
8,13,15,2968064
8,13,16,2968064
8,13,17,2968064
8,13,18,2968064
8,13,19,2968064
8,13,20,2968064
8,13,21,2968064
8,13,22,2968064
8,13,23,2968064
8,13,24,2968064
8,14,15,2968064
8,14,16,2968064
8,14,17,2968064
8,14,18,2968064
8,14,19,2968064
8,14,20,2968064
8,14,21,2968064
8,14,22,2968064
8,14,23,2968064
8,14,24,2968064
8,15,16,2981888
8,15,17,2981888
8,15,18,2981888
8,15,19,2981888
8,15,20,2968064
8,15,21,2968064
8,15,22,2968064
8,15,23,2968064
8,15,24,2968064
8,16,17,2981888
8,16,18,2981888
8,16,19,2981888
8,16,20,2968064
8,16,21,2968064
8,16,22,2968064
8,16,23,2968064
8,16,24,2968064
8,17,18,2981888
8,17,19,2981888
8,17,20,2968064
8,17,21,2968064
8,17,22,2968064
8,17,23,2968064
8,17,24,2968064
8,18,19,2981888
8,18,20,2968064
8,18,21,2968064
8,18,22,2968064
8,18,23,2968064
8,18,24,2968064
8,19,20,2968064
8,19,21,2968064
8,19,22,2968064
8,19,23,2968064
8,19,24,2968064
8,20,21,2981888
8,20,22,2981888
8,20,23,2981888
8,20,24,2981888
8,21,22,2981888
8,21,23,2981888
8,21,24,2981888
8,22,23,2981888
8,22,24,2981888
8,23,24,2981888
9,10,11,2981888
9,10,12,2981888
9,10,13,2981888
9,10,14,2981888
9,10,15,2968064
9,10,16,2968064
9,10,17,2968064
9,10,18,2968064
9,10,19,2968064
9,10,20,2968064
9,10,21,2968064
9,10,22,2968064
9,10,23,2968064
9,10,24,2968064
9,11,12,2981888
9,11,13,2981888
9,11,14,2981888
9,11,15,2968064
9,11,16,2968064
9,11,17,2968064
9,11,18,2968064
9,11,19,2968064
9,11,20,2968064
9,11,21,2968064
9,11,22,2968064
9,11,23,2968064
9,11,24,2968064
9,12,13,2981888
9,12,14,2981888
9,12,15,2968064
9,12,16,2968064
9,12,17,2968064
9,12,18,2968064
9,12,19,2968064
9,12,20,2968064
9,12,21,2968064
9,12,22,2968064
9,12,23,2968064
9,12,24,2968064
9,13,14,2981888
9,13,15,2968064
9,13,16,2968064
9,13,17,2968064
9,13,18,2968064
9,13,19,2968064
9,13,20,2968064
9,13,21,2968064
9,13,22,2968064
9,13,23,2968064
9,13,24,2968064
9,14,15,2968064
9,14,16,2968064
9,14,17,2968064
9,14,18,2968064
9,14,19,2968064
9,14,20,2968064
9,14,21,2968064
9,14,22,2968064
9,14,23,2968064
9,14,24,2968064
9,15,16,2981888
9,15,17,2981888
9,15,18,2981888
9,15,19,2981888
9,15,20,2968064
9,15,21,2968064
9,15,22,2968064
9,15,23,2968064
9,15,24,2968064
9,16,17,2981888
9,16,18,2981888
9,16,19,2981888
9,16,20,2968064
9,16,21,2968064
9,16,22,2968064
9,16,23,2968064
9,16,24,2968064
9,17,18,2981888
9,17,19,2981888
9,17,20,2968064
9,17,21,2968064
9,17,22,2968064
9,17,23,2968064
9,17,24,2968064
9,18,19,2981888
9,18,20,2968064
9,18,21,2968064
9,18,22,2968064
9,18,23,2968064
9,18,24,2968064
9,19,20,2968064
9,19,21,2968064
9,19,22,2968064
9,19,23,2968064
9,19,24,2968064
9,20,21,2981888
9,20,22,2981888
9,20,23,2981888
9,20,24,2981888
9,21,22,2981888
9,21,23,2981888
9,21,24,2981888
9,22,23,2981888
9,22,24,2981888
9,23,24,2981888
10,11,12,2883584
10,11,13,2883584
10,11,14,2883584
10,11,15,2981888
10,11,16,2981888
10,11,17,2981888
10,11,18,2981888
10,11,19,2981888
10,11,20,2981888
10,11,21,2981888
10,11,22,2981888
10,11,23,2981888
10,11,24,2981888
10,12,13,2883584
10,12,14,2883584
10,12,15,2981888
10,12,16,2981888
10,12,17,2981888
10,12,18,2981888
10,12,19,2981888
10,12,20,2981888
10,12,21,2981888
10,12,22,2981888
10,12,23,2981888
10,12,24,2981888
10,13,14,2883584
10,13,15,2981888
10,13,16,2981888
10,13,17,2981888
10,13,18,2981888
10,13,19,2981888
10,13,20,2981888
10,13,21,2981888
10,13,22,2981888
10,13,23,2981888
10,13,24,2981888
10,14,15,2981888
10,14,16,2981888
10,14,17,2981888
10,14,18,2981888
10,14,19,2981888
10,14,20,2981888
10,14,21,2981888
10,14,22,2981888
10,14,23,2981888
10,14,24,2981888
10,15,16,2981888
10,15,17,2981888
10,15,18,2981888
10,15,19,2981888
10,15,20,2968064
10,15,21,2968064
10,15,22,2968064
10,15,23,2968064
10,15,24,2968064
10,16,17,2981888
10,16,18,2981888
10,16,19,2981888
10,16,20,2968064
10,16,21,2968064
10,16,22,2968064
10,16,23,2968064
10,16,24,2968064
10,17,18,2981888
10,17,19,2981888
10,17,20,2968064
10,17,21,2968064
10,17,22,2968064
10,17,23,2968064
10,17,24,2968064
10,18,19,2981888
10,18,20,2968064
10,18,21,2968064
10,18,22,2968064
10,18,23,2968064
10,18,24,2968064
10,19,20,2968064
10,19,21,2968064
10,19,22,2968064
10,19,23,2968064
10,19,24,2968064
10,20,21,2981888
10,20,22,2981888
10,20,23,2981888
10,20,24,2981888
10,21,22,2981888
10,21,23,2981888
10,21,24,2981888
10,22,23,2981888
10,22,24,2981888
10,23,24,2981888
11,12,13,2883584
11,12,14,2883584
11,12,15,2981888
11,12,16,2981888
11,12,17,2981888
11,12,18,2981888
11,12,19,2981888
11,12,20,2981888
11,12,21,2981888
11,12,22,2981888
11,12,23,2981888
11,12,24,2981888
11,13,14,2883584
11,13,15,2981888
11,13,16,2981888
11,13,17,2981888
11,13,18,2981888
11,13,19,2981888
11,13,20,2981888
11,13,21,2981888
11,13,22,2981888
11,13,23,2981888
11,13,24,2981888
11,14,15,2981888
11,14,16,2981888
11,14,17,2981888
11,14,18,2981888
11,14,19,2981888
11,14,20,2981888
11,14,21,2981888
11,14,22,2981888
11,14,23,2981888
11,14,24,2981888
11,15,16,2981888
11,15,17,2981888
11,15,18,2981888
11,15,19,2981888
11,15,20,2968064
11,15,21,2968064
11,15,22,2968064
11,15,23,2968064
11,15,24,2968064
11,16,17,2981888
11,16,18,2981888
11,16,19,2981888
11,16,20,2968064
11,16,21,2968064
11,16,22,2968064
11,16,23,2968064
11,16,24,2968064
11,17,18,2981888
11,17,19,2981888
11,17,20,2968064
11,17,21,2968064
11,17,22,2968064
11,17,23,2968064
11,17,24,2968064
11,18,19,2981888
11,18,20,2968064
11,18,21,2968064
11,18,22,2968064
11,18,23,2968064
11,18,24,2968064
11,19,20,2968064
11,19,21,2968064
11,19,22,2968064
11,19,23,2968064
11,19,24,2968064
11,20,21,2981888
11,20,22,2981888
11,20,23,2981888
11,20,24,2981888
11,21,22,2981888
11,21,23,2981888
11,21,24,2981888
11,22,23,2981888
11,22,24,2981888
11,23,24,2981888
12,13,14,2883584
12,13,15,2981888
12,13,16,2981888
12,13,17,2981888
12,13,18,2981888
12,13,19,2981888
12,13,20,2981888
12,13,21,2981888
12,13,22,2981888
12,13,23,2981888
12,13,24,2981888
12,14,15,2981888
12,14,16,2981888
12,14,17,2981888
12,14,18,2981888
12,14,19,2981888
12,14,20,2981888
12,14,21,2981888
12,14,22,2981888
12,14,23,2981888
12,14,24,2981888
12,15,16,2981888
12,15,17,2981888
12,15,18,2981888
12,15,19,2981888
12,15,20,2968064
12,15,21,2968064
12,15,22,2968064
12,15,23,2968064
12,15,24,2968064
12,16,17,2981888
12,16,18,2981888
12,16,19,2981888
12,16,20,2968064
12,16,21,2968064
12,16,22,2968064
12,16,23,2968064
12,16,24,2968064
12,17,18,2981888
12,17,19,2981888
12,17,20,2968064
12,17,21,2968064
12,17,22,2968064
12,17,23,2968064
12,17,24,2968064
12,18,19,2981888
12,18,20,2968064
12,18,21,2968064
12,18,22,2968064
12,18,23,2968064
12,18,24,2968064
12,19,20,2968064
12,19,21,2968064
12,19,22,2968064
12,19,23,2968064
12,19,24,2968064
12,20,21,2981888
12,20,22,2981888
12,20,23,2981888
12,20,24,2981888
12,21,22,2981888
12,21,23,2981888
12,21,24,2981888
12,22,23,2981888
12,22,24,2981888
12,23,24,2981888
13,14,15,2981888
13,14,16,2981888
13,14,17,2981888
13,14,18,2981888
13,14,19,2981888
13,14,20,2981888
13,14,21,2981888
13,14,22,2981888
13,14,23,2981888
13,14,24,2981888
13,15,16,2981888
13,15,17,2981888
13,15,18,2981888
13,15,19,2981888
13,15,20,2968064
13,15,21,2968064
13,15,22,2968064
13,15,23,2968064
13,15,24,2968064
13,16,17,2981888
13,16,18,2981888
13,16,19,2981888
13,16,20,2968064
13,16,21,2968064
13,16,22,2968064
13,16,23,2968064
13,16,24,2968064
13,17,18,2981888
13,17,19,2981888
13,17,20,2968064
13,17,21,2968064
13,17,22,2968064
13,17,23,2968064
13,17,24,2968064
13,18,19,2981888
13,18,20,2968064
13,18,21,2968064
13,18,22,2968064
13,18,23,2968064
13,18,24,2968064
13,19,20,2968064
13,19,21,2968064
13,19,22,2968064
13,19,23,2968064
13,19,24,2968064
13,20,21,2981888
13,20,22,2981888
13,20,23,2981888
13,20,24,2981888
13,21,22,2981888
13,21,23,2981888
13,21,24,2981888
13,22,23,2981888
13,22,24,2981888
13,23,24,2981888
14,15,16,2981888
14,15,17,2981888
14,15,18,2981888
14,15,19,2981888
14,15,20,2968064
14,15,21,2968064
14,15,22,2968064
14,15,23,2968064
14,15,24,2968064
14,16,17,2981888
14,16,18,2981888
14,16,19,2981888
14,16,20,2968064
14,16,21,2968064
14,16,22,2968064
14,16,23,2968064
14,16,24,2968064
14,17,18,2981888
14,17,19,2981888
14,17,20,2968064
14,17,21,2968064
14,17,22,2968064
14,17,23,2968064
14,17,24,2968064
14,18,19,2981888
14,18,20,2968064
14,18,21,2968064
14,18,22,2968064
14,18,23,2968064
14,18,24,2968064
14,19,20,2968064
14,19,21,2968064
14,19,22,2968064
14,19,23,2968064
14,19,24,2968064
14,20,21,2981888
14,20,22,2981888
14,20,23,2981888
14,20,24,2981888
14,21,22,2981888
14,21,23,2981888
14,21,24,2981888
14,22,23,2981888
14,22,24,2981888
14,23,24,2981888
15,16,17,2883584
15,16,18,2883584
15,16,19,2883584
15,16,20,2981888
15,16,21,2981888
15,16,22,2981888
15,16,23,2981888
15,16,24,2981888
15,17,18,2883584
15,17,19,2883584
15,17,20,2981888
15,17,21,2981888
15,17,22,2981888
15,17,23,2981888
15,17,24,2981888
15,18,19,2883584
15,18,20,2981888
15,18,21,2981888
15,18,22,2981888
15,18,23,2981888
15,18,24,2981888
15,19,20,2981888
15,19,21,2981888
15,19,22,2981888
15,19,23,2981888
15,19,24,2981888
15,20,21,2981888
15,20,22,2981888
15,20,23,2981888
15,20,24,2981888
15,21,22,2981888
15,21,23,2981888
15,21,24,2981888
15,22,23,2981888
15,22,24,2981888
15,23,24,2981888
16,17,18,2883584
16,17,19,2883584
16,17,20,2981888
16,17,21,2981888
16,17,22,2981888
16,17,23,2981888
16,17,24,2981888
16,18,19,2883584
16,18,20,2981888
16,18,21,2981888
16,18,22,2981888
16,18,23,2981888
16,18,24,2981888
16,19,20,2981888
16,19,21,2981888
16,19,22,2981888
16,19,23,2981888
16,19,24,2981888
16,20,21,2981888
16,20,22,2981888
16,20,23,2981888
16,20,24,2981888
16,21,22,2981888
16,21,23,2981888
16,21,24,2981888
16,22,23,2981888
16,22,24,2981888
16,23,24,2981888
17,18,19,2883584
17,18,20,2981888
17,18,21,2981888
17,18,22,2981888
17,18,23,2981888
17,18,24,2981888
17,19,20,2981888
17,19,21,2981888
17,19,22,2981888
17,19,23,2981888
17,19,24,2981888
17,20,21,2981888
17,20,22,2981888
17,20,23,2981888
17,20,24,2981888
17,21,22,2981888
17,21,23,2981888
17,21,24,2981888
17,22,23,2981888
17,22,24,2981888
17,23,24,2981888
18,19,20,2981888
18,19,21,2981888
18,19,22,2981888
18,19,23,2981888
18,19,24,2981888
18,20,21,2981888
18,20,22,2981888
18,20,23,2981888
18,20,24,2981888
18,21,22,2981888
18,21,23,2981888
18,21,24,2981888
18,22,23,2981888
18,22,24,2981888
18,23,24,2981888
19,20,21,2981888
19,20,22,2981888
19,20,23,2981888
19,20,24,2981888
19,21,22,2981888
19,21,23,2981888
19,21,24,2981888
19,22,23,2981888
19,22,24,2981888
19,23,24,2981888
20,21,22,2883584
20,21,23,2883584
20,21,24,2883584
20,22,23,2883584
20,22,24,2883584
20,23,24,2883584
21,22,23,2883584
21,22,24,2883584
21,23,24,2883584
22,23,24,2883584
